パンを焼く,tfidf
パン,0.5823623602789062
レシピ,0.2830363428514142
フライパン,0.19270559513287774
焼き,0.1836725203610241
こと,0.1753901242228981
購入,0.16781932749385212
サンド,0.15657329604546316
食パン,0.1445291963496583
よう,0.14384513785187325
使用,0.13122714330346333
料理,0.11536625822738962
これ,0.1148237503905304
トースター,0.11441894711014616
ホット,0.10943613690179652
商品,0.10220575584212047
もの,0.09463495911307451
グリル,0.09033074771853644
オーブン,0.08731972279458523
トースト,0.08731972279458523
バター,0.08731972279458523
調理,0.08545648757584416
プレート,0.08248050596224851
簡単,0.0757079672904596
発酵,0.07527562309878037
時間,0.07192256892593663
ところ,0.06939897001625464
感じ,0.06939897001625464
サイズ,0.06182817328720868
焼肉,0.0602204984790243
パナ,0.05720947355507308
問題,0.056780975467844705
生地,0.05564549333989654
ため,0.05551917601300371
コンロ,0.05498700397483234
ih,0.054198448631121866
メーカー,0.05299557710332172
作り,0.05292070385057466
さん,0.05173377764848073
レンジ,0.04998818543166577
こちら,0.049210178738798745
とき,0.049210178738798745
圧力,0.04748877616008248
便利,0.047199546677539554
そう,0.04542478037427576
コーティング,0.04516537385926822
チーズ,0.04516537385926822
冷凍,0.044989366888499194
取っ手,0.044989366888499194
野菜,0.044989366888499194
満足,0.04290118146459378
経営,0.04272824378792208
siroca,0.042154348935317006
絵本,0.042154348935317006
切り,0.040591831598525974
自分,0.04037758255491179
部分,0.04037758255491179
ごはん,0.03914332401136579
イースト,0.03914332401136579
ケーキ,0.03914332401136579
テフロン,0.03914332401136579
加熱,0.03914332401136579
焦げ,0.03914332401136579
焼き肉,0.03914332401136579
目玉焼き,0.03914332401136579
材料,0.03899511688867626
温度,0.03899511688867626
上がり,0.037491139073749326
好き,0.03718752162472814
それ,0.03659218419038881
普通,0.035330384735547816
メニュー,0.03524214578193447
家族,0.034326943038210586
そこ,0.034068585280706824
ガス,0.03312127416346337
表面,0.03289665374495182
電気,0.03289665374495182
鉄板,0.03204618284094156
あと,0.03028318691618384
以外,0.03028318691618384
必要,0.03028318691618384
アレンジ,0.03011024923951215
フッ素,0.03011024923951215
強火,0.03011024923951215
食材,0.02999291125899946
キッチン,0.02990977065154546
容器,0.029677596447944817
レビュー,0.02902138746134285
毎日,0.02902138746134285
匂い,0.027773358462149355
投入,0.027773358462149355
綺麗,0.027759588006501856
通り,0.027759588006501856
ご飯,0.02749350198741617
フランス,0.02749350198741617
作り方,0.02749350198741617
冷蔵庫,0.02749350198741617
家庭,0.02717549657191672
楽しみ,0.02717549657191672
機能,0.02717549657191672
フレンチ,0.027099224315560933
著者,0.027099224315560933
飲食,0.027099224315560933
残念,0.02649778855166086
ガラス,0.025967896891951718
手入れ,0.02563694627275325
10,0.02523598909681987
セット,0.02523598909681987
タイプ,0.02523598909681987
値段,0.02523598909681987
状態,0.02523598909681987
ハンドル,0.024994092715832885
加工,0.024371948055422664
大好き,0.024371948055422664
たち,0.024113047113955163
スヌーピー,0.024088199391609718
ティファール,0.024088199391609718
ベーカリー,0.024088199391609718
ワッフル,0.024088199391609718
写真,0.023974189641978876
初心者,0.023500534083357144
手間,0.022884628692140394
まま,0.02271239018713788
以上,0.02271239018713788
本体,0.02271239018713788
カレー,0.022494683444249597
ムラ,0.022494683444249597
両面,0.022258197335958612
重宝,0.021454339398881618
子供,0.02145059073229689
製品,0.02145059073229689
耐久,0.021122354981366307
ぐらし,0.021077174467658503
ガスコンロ,0.021077174467658503
コート,0.021077174467658503
ステーキ,0.021077174467658503
ハム,0.021077174467658503
バウルー,0.021077174467658503
ベーコン,0.021077174467658503
従業,0.021077174467658503
火力,0.021077174467658503
シリコン,0.020403347557962064
大変,0.020188791277455896
汚れ,0.020188791277455896
注意,0.020188791277455896
結果,0.020188791277455896
返品,0.020188791277455896
ダブル,0.019995274172666305
モチ,0.019995274172666305
時短,0.019995274172666305
保存,0.01949755844433813
テーブル,0.019227709704564937
分解,0.019227709704564937
幸せ,0.019227709704564937
100,0.0189269918226149
うち,0.0189269918226149
感動,0.0189269918226149
the,0.01859376081236407
アルミ,0.01854849777996551
パウンドケーキ,0.018066149543707288
ファール,0.018066149543707288
佰食屋,0.018066149543707288
労働,0.018066149543707288
卵焼き,0.018066149543707288
営業,0.018066149543707288
堀井,0.018066149543707288
成形,0.018066149543707288
鶏肉,0.018066149543707288
おすすめ,0.017665192367773908
きれい,0.017665192367773908
正直,0.017665192367773908
面倒,0.017665192367773908
ねこ,0.017495864901083017
カセット,0.017495864901083017
ヒーター,0.017495864901083017
ビジネス,0.017091297515168833
外側,0.017091297515168833
キャンプ,0.016693648001968958
たくさん,0.016403392912932916
オススメ,0.016403392912932916
一つ,0.016403392912932916
場合,0.016403392912932916
安心,0.016403392912932916
最初,0.016403392912932916
最高,0.016403392912932916
好み,0.016247965370281777
電子,0.016247965370281777
紹介,0.01573318222584652
cm,0.01514159345809192
それぞれ,0.01514159345809192
わけ,0.01514159345809192
今回,0.01514159345809192
付き,0.01514159345809192
付属,0.01514159345809192
以前,0.01514159345809192
個人,0.01514159345809192
内容,0.01514159345809192
十分,0.01514159345809192
対応,0.01514159345809192
我が家,0.01514159345809192
説明,0.01514159345809192
お菓子,0.015055124619756074
ぎん,0.015055124619756074
