スマブラ,tfidf
乱闘,0.5358319574394634
スマッシュブラザーズ,0.5224361585034769
special,0.2813117776557183
switch,0.25452017978374514
ニンテンドー,0.1808432856358189
nintendo,0.17414538616782563
中古,0.16343218471445492
ソフト,0.15891151945844628
任天堂,0.14735378829585244
ds,0.1419992002771283
ゲーム,0.12424930024248726
wii,0.10716639148789268
ブラ,0.10716639148789268
for,0.1004684920198994
wiiu,0.08578935445546125
コントローラ,0.0779903222322375
スマ,0.0770480094343982
64,0.07099960013856416
キューブ,0.07019129000901375
新品,0.0605135169980541
hac,0.06028109521193964
タップ,0.054593225562566246
ダウンロード,0.054593225562566246
aaaba,0.05358319574394634
コントローラー,0.04141643341416242
接続,0.04141643341416242
セット,0.04120221173820176
利用,0.040187396807959755
コンテンツ,0.03899516111611875
スマブラブラック,0.03899516111611875
追加,0.03899516111611875
本体,0.0385240047171991
afb,0.03549980006928208
無料,0.03519722053567779
送料,0.03519722053567779
キャラクター,0.033489497339966465
スイッチ,0.033489497339966465
gamecube,0.031196128892895
ll,0.031196128892895
攻略,0.031196128892895
ポイント,0.028893003537899326
000,0.02679159787197317
nsw,0.02679159787197317
ファイター,0.02679159787197317
対応,0.02399766167269618
2019,0.023666533379521383
dx,0.023666533379521383
アダプター,0.023666533379521383
nesta,0.02339709666967125
ゲームキューブコントローラ,0.02339709666967125
ゲームキューブコントローラー,0.02339709666967125
パス,0.02339709666967125
転換,0.02339709666967125
tシャツ,0.020093698403979877
エディション,0.020093698403979877
スペシャル,0.020093698403979877
ニンテンドースイッチ,0.020093698403979877
引換,0.020093698403979877
人気,0.01926200235859955
pc,0.01774990003464104
新型,0.01774990003464104
発売,0.01774990003464104
4902370540734,0.0155980644464475
amiibo,0.0155980644464475
brand,0.0155980644464475
game,0.0155980644464475
mogoda,0.0155980644464475
vol,0.0155980644464475
クリスマス,0.0155980644464475
バトル,0.0155980644464475
ファイティングマスターズガイド,0.0155980644464475
小学館,0.0155980644464475
期限,0.0155980644464475
玩具,0.0155980644464475
編集,0.0155980644464475
宅配,0.014446501768949663
発送,0.01371294952725496
turbo,0.013395798935986586
ガイド,0.013395798935986586
グレー,0.013395798935986586
ネオン,0.013395798935986586
互換,0.013395798935986586
最強,0.013395798935986586
純正,0.013395798935986586
著者,0.013395798935986586
連射,0.013395798935986586
モデル,0.013190608035522251
プレゼント,0.01210270339961082
在庫,0.01210270339961082
バッテリー,0.011833266689760692
パッケージ,0.011833266689760692
書籍,0.011833266689760692
説明,0.011833266689760692
メール,0.01114310350325829
new,0.01062127252031429
パック,0.01062127252031429
即納,0.01062127252031429
搭載,0.01062127252031429
出荷,0.009631001179299775
あす,0.009508202708815791
付き,0.009508202708815791
時間,0.008793738690348168
15,0.00806846893307388
20181116,0.00779903222322375
20181207,0.00779903222322375
4902370523133,0.00779903222322375
acc,0.00779903222322375
axfj,0.00779903222322375
bran,0.00779903222322375
cube,0.00779903222322375
dosmung,0.00779903222322375
fsske,0.00779903222322375
hacpaaaba,0.00779903222322375
ns,0.00779903222322375
ports,0.00779903222322375
wup,0.00779903222322375
イオン,0.00779903222322375
ウィーユー,0.00779903222322375
エンターブレイン,0.00779903222322375
オフィシャルガイド,0.00779903222322375
カゲ,0.00779903222322375
キヨ,0.00779903222322375
スマッシュ,0.00779903222322375
スマッシュブラザーズスペシャル,0.00779903222322375
タラ,0.00779903222322375
ニンテンドウ,0.00779903222322375
ニンテンドウオールスター,0.00779903222322375
ニンテンドーオールスター,0.00779903222322375
ヌンチャク,0.00779903222322375
ネス,0.00779903222322375
ネスタ,0.00779903222322375
ネスタブランド,0.00779903222322375
パックンフラワー,0.00779903222322375
ファイティングスタジオ,0.00779903222322375
ファミ,0.00779903222322375
フロント,0.00779903222322375
ブラザーズ,0.00779903222322375
ポート,0.00779903222322375
ンテンドー,0.00779903222322375
中央,0.00779903222322375
全書,0.00779903222322375
和泉,0.00779903222322375
完璧,0.00779903222322375
必勝,0.00779903222322375
洲本,0.00779903222322375
特集,0.00779903222322375
状態,0.00779903222322375
究極,0.00779903222322375
総力,0.00779903222322375
長袖,0.00779903222322375
電撃,0.00779903222322375
100,0.00742873566883886
機能,0.00742873566883886
050883,0.006697899467993293
07,0.006697899467993293
4902370542912,0.006697899467993293
con,0.006697899467993293
gc,0.006697899467993293
had,0.006697899467993293
joy,0.006697899467993293
kabaa,0.006697899467993293
nintendoswitch,0.006697899467993293
オススメ,0.006697899467993293
ガイドブック,0.006697899467993293
グリップ,0.006697899467993293
シロ,0.006697899467993293
デラックス,0.006697899467993293
プリント,0.006697899467993293
ムック,0.006697899467993293
リドリー,0.006697899467993293
リング,0.006697899467993293
レッド,0.006697899467993293
付け,0.006697899467993293
代金,0.006697899467993293
刺繍,0.006697899467993293
単行,0.006697899467993293
後払い,0.006697899467993293
持続,0.006697899467993293
振動,0.006697899467993293
2018,0.005916633344880346
ok,0.005916633344880346
pro,0.005916633344880346
rcp,0.005916633344880346
アーム,0.005916633344880346
インク,0.005916633344880346
リモコン,0.005916633344880346
入り,0.005916633344880346
即日,0.005916633344880346
無し,0.005916633344880346
13,0.005310636260157145
おもちゃ,0.005310636260157145
グッズ,0.005310636260157145
ケース,0.005310636260157145
プロ,0.005310636260157145
便利,0.005310636260157145
公式,0.005310636260157145
単品,0.005310636260157145
指定,0.005310636260157145
最新,0.005310636260157145
商品,0.004815500589649887
専用,0.004815500589649887
シリーズ,0.004396869345174084
