コンセントを増やす,tfidf
aurora,0.39513187842619474
共栄,0.39513187842619474
商事,0.39513187842619474
テーブル,0.33934384710158827
mm,0.2690592397945978
850,0.2634212522841298
ラック,0.2634212522841298
av,0.22622923140105883
タイプ,0.20439133948282778
66,0.1317106261420649
665,0.1317106261420649
85,0.1317106261420649
ha,0.1317106261420649
アジャスタブルテーブル,0.1317106261420649
65,0.11311461570052941
tv,0.11311461570052941
00,0.0
000,0.0
00029,0.0
001,0.0
003,0.0
0038,0.0
005,0.0
00987602,0.0
01,0.0
01489,0.0
01564,0.0
0173,0.0
02,0.0
021,0.0
022,0.0
03,0.0
04,0.0
05,0.0
050704,0.0
050883,0.0
052,0.0
053511,0.0
0592231,0.0
06,0.0
0604,0.0
062,0.0
063,0.0
0640,0.0
07,0.0
08,0.0
08324,0.0
088,0.0
089,0.0
090,0.0
092,0.0
094,0.0
09499,0.0
095,0.0
097,0.0
0979,0.0
09895,0.0
09896,0.0
099,0.0
0995003203,0.0
10,0.0
100,0.0
1000,0.0
10000,0.0
1002,0.0
1004,0.0
1011,0.0
102,0.0
104,0.0
105,0.0
106,0.0
107,0.0
10780,0.0
108,0.0
109,0.0
11,0.0
110,0.0
111,0.0
112,0.0
113,0.0
114,0.0
115,0.0
117,0.0
12,0.0
120,0.0
121,0.0
1217,0.0
1218,0.0
127,0.0
128,0.0
13,0.0
130,0.0
14,0.0
144,0.0
145,0.0
146,0.0
15,0.0
150,0.0
1500,0.0
155,0.0
16,0.0
1680,0.0
17,0.0
171,0.0
17208,0.0
175,0.0
178,0.0
18,0.0
180,0.0
1800,0.0
1810,0.0
185,0.0
19,0.0
190731,0.0
195,0.0
198,0.0
20,0.0
200,0.0
2000,0.0
2009,0.0
2011,0.0
2018,0.0
20181116,0.0
20181207,0.0
2019,0.0
2020,0.0
203,0.0
205,0.0
2071,0.0
2095,0.0
21,0.0
211,0.0
213,0.0
217,0.0
22,0.0
220,0.0
220901,0.0
2227,0.0
226,0.0
228,0.0
23,0.0
235,0.0
24,0.0
240,0.0
2444,0.0
245,0.0
2474,0.0
25,0.0
250,0.0
252,0.0
26,0.0
270,0.0
2700000,0.0
275,0.0
28,0.0
30,0.0
300,0.0
3000,0.0
301,0.0
302,0.0
306,0.0
32,0.0
320,0.0
321,0.0
3224,0.0
3232,0.0
3235,0.0
325,0.0
326,0.0
326127081,0.0
33,0.0
330,0.0
33000,0.0
345,0.0
346,0.0
35,0.0
350,0.0
351,0.0
352955072338527,0.0
35896,0.0
359,0.0
360,0.0
365,0.0
370,0.0
371,0.0
372,0.0
376,0.0
3776,0.0
38,0.0
380,0.0
39,0.0
3980,0.0
40,0.0
400,0.0
4000,0.0
4004,0.0
4080,0.0
4100,0.0
4150,0.0
42,0.0
4200,0.0
43,0.0
