スターウォーズ,tfidf
ウォーズ,0.5397976467037673
スター,0.49951424023333685
star,0.2578138014107545
wars,0.24975712011666842
スターウォーズ,0.24170043882258238
blu,0.14502026329354942
スカイウォーカー,0.13696358199946332
夜明け,0.12085021941129119
ray,0.11279353811720509
コンプリート,0.09668017552903295
レイ,0.09668017552903295
movienex,0.08862349423494686
生産,0.08056681294086078
セット,0.07857852791158755
限定,0.07501517211109415
ultra,0.07251013164677471
エピソード,0.07251013164677471
ジェダイ,0.07251013164677471
ネーム,0.07251013164677471
数量,0.07251013164677471
キャラクター,0.06919171482938813
グッズ,0.06583294325595321
シーズン,0.06445345035268862
bb,0.056396769058602546
サーガ,0.056396769058602546
ファイナル,0.056396769058602546
初回,0.056396769058602546
hd,0.0550088588511609
ブルー,0.05450549348979898
disc,0.04028340647043039
starwars,0.04028340647043039
uhd,0.04028340647043039
クローン,0.04028340647043039
シューズ,0.04028340647043039
ストームトルーパー,0.04028340647043039
トリオ,0.04028340647043039
フォース,0.04028340647043039
プラモデル,0.04028340647043039
弁当,0.04028340647043039
最後,0.04028340647043039
覚醒,0.04028340647043039
雑貨,0.0366725725674406
無料,0.03635999700696224
送料,0.03635999700696224
adidas,0.03222672517634431
dvd,0.03222672517634431
po,0.03222672517634431
アディダス,0.03222672517634431
オーダー,0.03222672517634431
コレクション,0.03222672517634431
サウンドトラック,0.03222672517634431
バンダイスピリッツ,0.03222672517634431
フィギュア,0.03222672517634431
ブルーレイコレクション,0.03222672517634431
印鑑,0.03222672517634431
メンズ,0.03056047713953383
sw,0.027676685931755252
tシャツ,0.027676685931755252
オリジナル,0.027676685931755252
ファイター,0.027676685931755252
中古,0.026859530639285634
キッズ,0.024448381711627068
72,0.024170043882258237
fn,0.024170043882258237
the,0.024170043882258237
zp,0.024170043882258237
たち,0.024170043882258237
カイナー,0.024170043882258237
カイロ,0.024170043882258237
クイック,0.024170043882258237
グレイ,0.024170043882258237
ケヴィン,0.024170043882258237
シス,0.024170043882258237
シネマ,0.024170043882258237
スウェット,0.024170043882258237
テイラー,0.024170043882258237
ディズニー,0.024170043882258237
トップス,0.024170043882258237
ハミル,0.024170043882258237
パンツ,0.024170043882258237
ビークル,0.024170043882258237
ファースト,0.024170043882258237
ポスター,0.024170043882258237
マーク,0.024170043882258237
レゴ,0.024170043882258237
レン,0.024170043882258237
半袖,0.024170043882258237
反乱,0.024170043882258237
帰還,0.024170043882258237
映画,0.024170043882258237
洋画,0.024170043882258237
男の子,0.024170043882258237
装飾,0.024170043882258237
ブラック,0.022710622287416243
ケース,0.02194431441865107
ギフト,0.020837547808637266
box,0.02075751444881644
特別,0.02075751444881644
通常,0.02075751444881644
19,0.0183362862837203
afb,0.0183362862837203
インチ,0.0183362862837203
公式,0.016458235813988302
子供,0.016458235813988302
1002,0.016113362588172156
1004,0.016113362588172156
144,0.016113362588172156
4904790527142,0.016113362588172156
aurebesh,0.016113362588172156
bd,0.016113362588172156
dame,0.016113362588172156
doodles,0.016113362588172156
episode,0.016113362588172156
funko,0.016113362588172156
nixon,0.016113362588172156
of,0.016113362588172156
rnr,0.016113362588172156
tacc,0.016113362588172156
uture,0.016113362588172156
vii,0.016113362588172156
はし,0.016113362588172156
アート,0.016113362588172156
ウイング,0.016113362588172156
ウェア,0.016113362588172156
エアエンライク,0.016113362588172156
オールデン,0.016113362588172156
カジュアル,0.016113362588172156
キャップ,0.016113362588172156
サンビー,0.016113362588172156
ジャガードロングタオル,0.016113362588172156
スケール,0.016113362588172156
ストーリー,0.016113362588172156
スニーカー,0.016113362588172156
スプーン,0.016113362588172156
スライド,0.016113362588172156
ソロ,0.016113362588172156
タイ,0.016113362588172156
タオル,0.016113362588172156
タカラトミーアーツ,0.016113362588172156
ダース,0.016113362588172156
ダースベイダー,0.016113362588172156
ダースベイダーフェイス,0.016113362588172156
ダースベーダ,0.016113362588172156
トルーパー,0.016113362588172156
ドロイド,0.016113362588172156
ドロイドトーク,0.016113362588172156
ニーソン,0.016113362588172156
ハシ,0.016113362588172156
ハン,0.016113362588172156
バスケットボール,0.016113362588172156
バンダイ,0.016113362588172156
ファルコン,0.016113362588172156
フレーム,0.016113362588172156
ベイダー,0.016113362588172156
マット,0.016113362588172156
ミッション,0.016113362588172156
ミレニアム,0.016113362588172156
メタコレ,0.016113362588172156
ランター,0.016113362588172156
ランチ,0.016113362588172156
リーアム,0.016113362588172156
ロスト,0.016113362588172156
丸眞,0.016113362588172156
公開,0.016113362588172156
決算,0.016113362588172156
男性,0.016113362588172156
行楽,0.016113362588172156
記念,0.016113362588172156
遠足,0.016113362588172156
飾り,0.016113362588172156
12,0.015348303222448935
メール,0.015348303222448935
スタンド,0.0149237568502785
フェイス,0.013838342965877626
ペア,0.013838342965877626
ボール,0.013838342965877626
ランニング,0.013838342965877626
レディース,0.013838342965877626
事務,0.013838342965877626
子ども,0.013838342965877626
家電,0.013838342965877626
済み,0.013838342965877626
玄関,0.013838342965877626
運動会,0.013838342965877626
11,0.012224190855813534
iphone,0.012224190855813534
ハード,0.012224190855813534
生活,0.012224190855813534
おしゃれ,0.010972157209325536
価格,0.010972157209325536
壁掛け,0.010972157209325536
携帯,0.010972157209325536
対応,0.010624478215450367
2020,0.009949171233518999
あす,0.009822315988948444
20,0.009084248914966498
シリーズ,0.009084248914966498
プレゼント,0.008335019123454907
0979,0.008056681294086078
2444,0.008056681294086078
2700000,0.008056681294086078
3232,0.008056681294086078
