キーボード,tfidf
キーボード,0.7397309357988567
ワイヤレス,0.2447426841215898
有線,0.18746248145483474
tk,0.17583768146038398
usb,0.16102169705685782
エレコム,0.1562187345456956
無線,0.1425967366240309
キー,0.14059686109112604
ブラック,0.12989738050080815
マウス,0.12126736652440274
薄型,0.10579757878557132
ロジクール,0.10307726154574233
windows,0.09659778932595642
bk,0.09496151364891614
日本語,0.09199789459614896
mac,0.09095052489330206
配列,0.09095052489330206
108,0.08488715656708191
fdm,0.07882378824086178
無償,0.07882378824086178
年間,0.07819821040672663
elecom,0.07290207612132461
380,0.07276041991464165
メンブレン,0.07276041991464165
fcm,0.06669705158842151
bskbu,0.06063368326220137
bluetooth,0.057280202666755056
106,0.05519873675768938
パソコン,0.05519873675768938
ゲーミングキーボード,0.05457031493598124
国内,0.0536738990189526
保証,0.05331915926771089
コンパクト,0.05059884202788194
フル,0.05059884202788194
tbk,0.0485069466097611
正規,0.044438577539750154
rgb,0.04244357828354096
メカニカル,0.04244357828354096
衝突,0.04244357828354096
pc,0.03679915783845959
android,0.03645103806066231
ios,0.03638020995732082
mk,0.03638020995732082
ふるさと,0.03638020995732082
テンキー,0.03638020995732082
バッファ,0.03638020995732082
ロー,0.03638020995732082
納税,0.03638020995732082
対応,0.034648742265587645
led,0.03303009170397083
スリム,0.03219926310865214
付き,0.03203271617210509
防水,0.03124374690913912
ghz,0.030316841631100686
sbk,0.030316841631100686
unifying,0.030316841631100686
小型,0.028901330240974476
120,0.026036455757615935
wh,0.02477256877797812
063,0.02425347330488055
099,0.02425347330488055
1680,0.02425347330488055
275,0.02425347330488055
800,0.02425347330488055
skb,0.02425347330488055
tkfcm,0.02425347330488055
ubk,0.02425347330488055
xbk,0.02425347330488055
コンピューター,0.02425347330488055
ピアノ,0.02425347330488055
東プレ,0.02425347330488055
ホワイト,0.02310192304330837
接続,0.02299947364903724
ipad,0.02082916460609275
タブレット,0.02082916460609275
型式,0.02082916460609275
サイズ,0.02064380731498177
バック,0.018719087775552486
61,0.018399578919229796
ゲーム,0.018399578919229796
品質,0.018399578919229796
説明,0.018399578919229796
062,0.01819010497866041
090,0.01819010497866041
104,0.01819010497866041
buffalo,0.01819010497866041
fdp,0.01819010497866041
logicool,0.01819010497866041
mbk,0.01819010497866041
otk,0.01819010497866041
twh,0.01819010497866041
ukey,0.01819010497866041
タイムリー,0.01819010497866041
フルサイズ,0.01819010497866041
ブルートゥース,0.01819010497866041
メンブレンキー,0.01819010497866041
仕事,0.01819010497866041
耐水,0.01819010497866041
109,0.01562187345456956
25,0.01562187345456956
os,0.01562187345456956
tm,0.01562187345456956
サンワサプライ,0.01562187345456956
仕様,0.01562187345456956
設計,0.01562187345456956
300,0.014975270220441988
スマ,0.014975270220441988
ライト,0.01443870190206773
26,0.013799684189422345
iphone,0.013799684189422345
耐久,0.013799684189422345
搭載,0.01238628438898906
種類,0.01238628438898906
軽量,0.01238628438898906
セット,0.01232027545080965
00029,0.012126736652440274
089,0.012126736652440274
097,0.012126736652440274
245,0.012126736652440274
750,0.012126736652440274
flow,0.012126736652440274
jis,0.012126736652440274
jp,0.012126736652440274
keyboard,0.012126736652440274
keys,0.012126736652440274
kx,0.012126736652440274
mx,0.012126736652440274
ow,0.012126736652440274
ps,0.012126736652440274
rd,0.012126736652440274
realforce,0.012126736652440274
ro,0.012126736652440274
tkfdm,0.012126736652440274
tla,0.012126736652440274
txwh,0.012126736652440274
アドバンスド,0.012126736652440274
イルミネートキーボード,0.012126736652440274
スタンダード,0.012126736652440274
メンブレンキーボード,0.012126736652440274
ワイヤレスフルキーボード,0.012126736652440274
寿命,0.012126736652440274
排水,0.012126736652440274
楽器,0.012126736652440274
演奏,0.012126736652440274
英字,0.012126736652440274
鍵盤,0.012126736652440274
電池,0.012126736652440274
スタンド,0.01123145266533149
14,0.010414582303046375
740,0.010414582303046375
910,0.010414582303046375
bl,0.010414582303046375
ミニ,0.010414582303046375
レス,0.010414582303046375
世代,0.010414582303046375
届け,0.010414582303046375
折りたたみ,0.010414582303046375
操作,0.010414582303046375
最適,0.010414582303046375
充電,0.010255056355326959
楽天,0.010255056355326959
05,0.009199789459614898
gb,0.009199789459614898
one,0.009199789459614898
シルバー,0.009199789459614898
トップ,0.009199789459614898
不要,0.009199789459614898
大型,0.009199789459614898
電子,0.009199789459614898
100,0.00866322114124064
中古,0.00866322114124064
1000,0.008257522925992708
デスク,0.008257522925992708
子供,0.008257522925992708
01,0.007487635110220994
日本,0.007487635110220994
10,0.007392165270485789
あす,0.007392165270485789
無料,0.006841031876093422
送料,0.006841031876093422
シリーズ,0.006836704236884639
ブルー,0.006836704236884639
不可,0.006836704236884639
プレゼント,0.0062728422667895165
0173,0.006063368326220137
088,0.006063368326220137
092,0.006063368326220137
094,0.006063368326220137
10000,0.006063368326220137
102,0.006063368326220137
107,0.006063368326220137
235,0.006063368326220137
240,0.006063368326220137
4969887668399,0.006063368326220137
516,0.006063368326220137
5826,0.006063368326220137
7801,0.006063368326220137
79,0.006063368326220137
87,0.006063368326220137
aa,0.006063368326220137
abj,0.006063368326220137
aeaz,0.006063368326220137
