化粧落とし,tfidf
落とし,0.4776170248564618
メイク,0.4477659608029329
ml,0.4034011462234616
オイル,0.1940319163479376
クレンジング,0.1940319163479376
洗顔,0.1940319163479376
ダヴ,0.16418085229440874
化粧,0.16418085229440874
毛穴,0.14925532026764432
ソフティモ,0.11940425621411545
dove,0.0970159581739688
クレンジングオイル,0.08955319216058659
クレンジングジェル,0.08955319216058659
ケア,0.08955319216058659
ビオレ,0.08955319216058659
黒ずみ,0.08955319216058659
添加,0.08209042614720437
シート,0.07988345174233513
200,0.07496852061540742
130,0.06716489412043994
オーガニック,0.06716489412043994
ボタニカルセレクション,0.06716489412043994
不要,0.06716489412043994
乳液,0.06716489412043994
敏感,0.06716489412043994
限定,0.06497271786668643
165,0.059702128107057724
ジェル,0.059702128107057724
150,0.054976915117965444
ok,0.0522393620936755
オイルクレンジング,0.0522393620936755
クレンジングシート,0.0522393620936755
ヒアルロン,0.0522393620936755
ビューティー,0.0522393620936755
汚れ,0.0522393620936755
co,0.04498111236924445
kose,0.044776596080293295
キュレル,0.044776596080293295
クレンジングウォーター,0.044776596080293295
ポア,0.044776596080293295
amazon,0.03783952977268506
jp,0.03783952977268506
230,0.03731383006691108
fancl,0.03731383006691108
ビフェスタ,0.03731383006691108
ファンケル,0.03731383006691108
フリー,0.036125475781205514
120,0.034985309620523465
52,0.034985309620523465
60,0.03363513757572005
セット,0.032004431920612794
ウォーター,0.0301045631510046
ボトル,0.029987408246162965
orbis,0.029851064053528862
なめらか,0.029851064053528862
オルナ,0.029851064053528862
オルビス,0.029851064053528862
クレンジングフォーム,0.029851064053528862
コーセー,0.029851064053528862
ジェルメイク,0.029851064053528862
スキン,0.029851064053528862
ニキビ,0.029851064053528862
マイルドクレンジング,0.029851064053528862
処方,0.029851064053528862
落し,0.029851064053528862
落ち,0.029851064053528862
薬用,0.029851064053528862
角質,0.029851064053528862
配合,0.029851064053528862
50,0.025226353181790038
日本,0.024989506871802476
240,0.02408365052080368
46,0.02408365052080368
乾燥,0.02408365052080368
天然,0.02408365052080368
135,0.022388298040146647
170,0.022388298040146647
210,0.022388298040146647
bifesta,0.022388298040146647
kikimate,0.022388298040146647
まつ,0.022388298040146647
エク,0.022388298040146647
キキメイト,0.022388298040146647
コットン,0.022388298040146647
コラーゲン,0.022388298040146647
スピーディ,0.022388298040146647
ズボラボ,0.022388298040146647
ドモホルンリンクル,0.022388298040146647
パーフェクト,0.022388298040146647
ブライトアップ,0.022388298040146647
マツエク,0.022388298040146647
再春館製薬所,0.022388298040146647
医薬,0.022388298040146647
回分,0.022388298040146647
専科,0.022388298040146647
美容,0.022388298040146647
部外,0.022388298040146647
風呂,0.022388298040146647
香り,0.022388298040146647
100,0.021021960984825033
35,0.01999160549744198
クリア,0.018062737890602757
メンズ,0.018062737890602757
本体,0.018062737890602757
由来,0.018062737890602757
500,0.017780239955895998
容量,0.016817568787860025
172,0.014925532026764431
180,0.014925532026764431
182,0.014925532026764431
195,0.014925532026764431
85,0.014925532026764431
de,0.014925532026764431
la,0.014925532026764431
medisthe,0.014925532026764431
posay,0.014925532026764431
うち,0.014925532026764431
うるうる,0.014925532026764431
おまけ,0.014925532026764431
ふく,0.014925532026764431
エステ,0.014925532026764431
クリーム,0.014925532026764431
クレンジングバーム,0.014925532026764431
クレンジングリキッド,0.014925532026764431
サイズ,0.014925532026764431
サンシビオ,0.014925532026764431
シルキークリームクレンジング,0.014925532026764431
ジェルクレンジング,0.014925532026764431
ハニーマイルド,0.014925532026764431
ハレナ,0.014925532026764431
バーム,0.014925532026764431
パウダー,0.014925532026764431
ビオデルマ,0.014925532026764431
ビオレメイク,0.014925532026764431
ビタミン,0.014925532026764431
ビューティーレジリエンス,0.014925532026764431
ファンデ,0.014925532026764431
プルーフ,0.014925532026764431
ポイント,0.014925532026764431
ミセラークレンジング,0.014925532026764431
ミルク,0.014925532026764431
ミルククレンジング,0.014925532026764431
モイスト,0.014925532026764431
ラチェスカ,0.014925532026764431
ラボ,0.014925532026764431
ラロッシュポゼ,0.014925532026764431
リセット,0.014925532026764431
リラックスアロマ,0.014925532026764431
ルルルンクレンジング,0.014925532026764431
下地,0.014925532026764431
予防,0.014925532026764431
容器,0.014925532026764431
密着,0.014925532026764431
本舗,0.014925532026764431
業務,0.014925532026764431
正宗,0.014925532026764431
気分,0.014925532026764431
無印,0.014925532026764431
美人,0.014925532026764431
肌荒れ,0.014925532026764431
誘導体,0.014925532026764431
通常,0.014925532026764431
ホワイト,0.014224191964716798
145,0.01204182526040184
in,0.01204182526040184
フェイス,0.01204182526040184
ホット,0.01204182526040184
レディース,0.01204182526040184
洗浄,0.01204182526040184
良品,0.01204182526040184
160,0.00999580274872099
ミニ,0.00999580274872099
入り,0.008408784393930013
02867492,0.0074627660133822155
140,0.0074627660133822155
175,0.0074627660133822155
270,0.0074627660133822155
290,0.0074627660133822155
44,0.0074627660133822155
ad,0.0074627660133822155
bioderma,0.0074627660133822155
che,0.0074627660133822155
cream,0.0074627660133822155
keana,0.0074627660133822155
laviness,0.0074627660133822155
md,0.0074627660133822155
na,0.0074627660133822155
nanoa,0.0074627660133822155
new,0.0074627660133822155
off,0.0074627660133822155
ro,0.0074627660133822155
roche,0.0074627660133822155
summerwin,0.0074627660133822155
しょうすい,0.0074627660133822155
たっぷり,0.0074627660133822155
みす,0.0074627660133822155
アイメイクアップリムーバー,0.0074627660133822155
アップ,0.0074627660133822155
アテニア,0.0074627660133822155
アトレージュ,0.0074627660133822155
アトレージュエーディープラス,0.0074627660133822155
アルガンオイル,0.0074627660133822155
