ウォータークーラー,tfidf
クーラー,0.5949869938595163
ウォーター,0.3927532584298119
冷却,0.3425682691918427
水槽,0.19231902831822748
水冷,0.18029908904833825
ポンプ,0.138229301603726
付き,0.13459778843745648
家庭,0.12606894715031
水族館,0.10817945342900295
養魚,0.10817945342900295
デジタル,0.09212730753291884
循環,0.09014954452416912
省エネルギー,0.08413957488922451
設備,0.08413957488922451
卓上,0.0804989341605828
poafamx,0.07812960525427991
カップ,0.07812960525427991
パイプ,0.07812960525427991
恒温,0.07812960525427991
110,0.07758089055403691
環境,0.0727320848944096
ノイズ,0.0678832792347823
保護,0.0678832792347823
表示,0.0678832792347823
冷水,0.06610966598439069
調整,0.06610966598439069
小型,0.06439914732846624
ガロン,0.06009969634944609
ヒーター,0.06009969634944609
cpu,0.054089726714501477
rw,0.054089726714501477
イグルー,0.054089726714501477
サーバー,0.054089726714501477
ホルダー,0.054089726714501477
保冷,0.054089726714501477
日立,0.054089726714501477
12,0.05232430720437882
タンク,0.048488056596273074
両用,0.04807975707955687
水道,0.04807975707955687
直結,0.04807975707955687
15,0.044274413788320546
30,0.042956740990677596
ウォータージャグ,0.042069787444612254
適用,0.042069787444612254
可能,0.04063094470631409
タイプ,0.0402494670802914
専用,0.03722917552525392
ボトル,0.03622452037226226
オフィス,0.03605981780966765
ドリンク,0.03605981780966765
冷凍,0.03605981780966765
取扱,0.03605981780966765
温水,0.03605981780966765
急速,0.03394163961739115
20,0.03150161005983024
dc,0.030049848174723046
fan,0.030049848174723046
igloo,0.030049848174723046
pc,0.030049848174723046
ステンレス,0.030049848174723046
チューブ,0.030049848174723046
ブロック,0.030049848174723046
保温,0.030049848174723046
加熱,0.030049848174723046
右側,0.030049848174723046
温度,0.030049848174723046
飲料,0.030049848174723046
システム,0.029092833957763842
日本語,0.029092833957763842
説明,0.029092833957763842
60,0.027087296470876064
mm,0.027087296470876064
40,0.024244028298136537
360,0.024039878539778434
baoshishan,0.024039878539778434
gs,0.024039878539778434
ilmberger,0.024039878539778434
nishiyama,0.024039878539778434
イルムバーガーカーボンパーツ,0.024039878539778434
エアコン,0.024039878539778434
キット,0.024039878539778434
キーパー,0.024039878539778434
コンパクト,0.024039878539778434
チラー,0.024039878539778434
ディスペンサー,0.024039878539778434
ニシヤマ,0.024039878539778434
ファン,0.024039878539778434
マイフレッシュウォータークーラー,0.024039878539778434
ラジエーター,0.024039878539778434
空気,0.024039878539778434
電源,0.024039878539778434
魚屋,0.024039878539778434
10,0.023701384412016555
120,0.0201247335401457
交換,0.0201247335401457
対応,0.02004647912898288
ml,0.01939522263850923
キャップ,0.01939522263850923
ディスプレイ,0.01939522263850923
185,0.018029908904833827
300,0.018029908904833827
am,0.018029908904833827
captain,0.018029908904833827
mf,0.018029908904833827
stag,0.018029908904833827
with,0.018029908904833827
ウォータークーラーカバー,0.018029908904833827
キャプテンスタッグ,0.018029908904833827
グッズ,0.018029908904833827
コンピュータ,0.018029908904833827
コンピューター,0.018029908904833827
ジャグ,0.018029908904833827
スイッチ,0.018029908904833827
スレッド,0.018029908904833827
ホテル,0.018029908904833827
ポット,0.018029908904833827
冷蔵,0.018029908904833827
広口,0.018029908904833827
扇風機,0.018029908904833827
水筒,0.018029908904833827
省エネ,0.018029908904833827
真空,0.018029908904833827
維持,0.018029908904833827
置形,0.018029908904833827
製氷,0.018029908904833827
車内,0.018029908904833827
飲み物,0.018029908904833827
鮮度,0.018029908904833827
usb,0.01692956029429754
容量,0.01692956029429754
機能,0.01692956029429754
ミニ,0.01609978683211656
18,0.014546416978881921
24,0.014546416978881921
240,0.014546416978881921
sd,0.014546416978881921
エア,0.014546416978881921
スポーツ,0.014546416978881921
ソフト,0.014546416978881921
ホット,0.014546416978881921
付属,0.014546416978881921
車載,0.014546416978881921
電気,0.014546416978881921
グレー,0.013543648235438032
35,0.01207484012408742
032,0.012019939269889217
101,0.012019939269889217
189,0.012019939269889217
350,0.012019939269889217
38,0.012019939269889217
42115,0.012019939269889217
51,0.012019939269889217
6036,0.012019939269889217
7728077,0.012019939269889217
avalon,0.012019939269889217
base,0.012019939269889217
bh,0.012019939269889217
bottle,0.012019939269889217
color,0.012019939269889217
conditioning,0.012019939269889217
dewo,0.012019939269889217
eby,0.012019939269889217
evernew,0.012019939269889217
fashion,0.012019939269889217
frecious,0.012019939269889217
freneci,0.012019939269889217
hao,0.012019939269889217
hws,0.012019939269889217
kar,0.012019939269889217
large,0.012019939269889217
oscillating,0.012019939269889217
oz,0.012019939269889217
panasonic,0.012019939269889217
remote,0.012019939269889217
vbestlife,0.012019939269889217
zmart,0.012019939269889217
アイリスオーヤマ,0.012019939269889217
ウォーターキャリー,0.012019939269889217
エアコンウォータークーラーファン,0.012019939269889217
エバニュー,0.012019939269889217
キッチン,0.012019939269889217
コーヒー,0.012019939269889217
スカイ,0.012019939269889217
スティック,0.012019939269889217
ニチネン,0.012019939269889217
ハオスタイリッシュ,0.012019939269889217
バッジ,0.012019939269889217
ヒートシンク,0.012019939269889217
ビール,0.012019939269889217
ピーコック,0.012019939269889217
ファンサイレントファン,0.012019939269889217
ベース,0.012019939269889217
ペットボトル,0.012019939269889217
ボウル,0.012019939269889217
ポリカーボネイトボトル,0.012019939269889217
ポータブル,0.012019939269889217
ミスト,0.012019939269889217
リットル,0.012019939269889217
ローラー,0.012019939269889217
使い捨て,0.012019939269889217
便利,0.012019939269889217
